loss,accuracy,val_loss,val_accuracy,RRMSE,CC,SNR,SSIM
0.0823979377746582,0.27154412865638733,0.12718777358531952,0.2720588147640228,5.188723016518767,0.40585366690333136,1.9270643235243556,0.17912778055004236
0.07311441004276276,0.2949264645576477,0.1217084601521492,0.2594117522239685,4.706738741816821,0.4063924837587564,1.9520168580089565,0.17930648494923956
0.06570744514465332,0.3075367510318756,0.1221330314874649,0.2835294008255005,4.877249581298756,0.4017094684653787,2.012773872556187,0.1917619867645304
0.06023307517170906,0.33051469922065735,0.11374645680189133,0.3132352828979492,4.883270729679711,0.40424805835306393,2.0949854091473,0.19273204840303843
0.056988947093486786,0.33889704942703247,0.1120593249797821,0.2611764669418335,4.496342502733879,0.40477131676527967,2.141359608585429,0.19166606989492893
0.05348821356892586,0.34683823585510254,0.11480510979890823,0.275882363319397,4.516277407099942,0.4055083063787216,2.094071587894626,0.19611567225401141
0.05077347159385681,0.3549632430076599,0.10971278697252274,0.3100000023841858,4.217109396136963,0.4063986841275001,2.18130583414803,0.19763702629148758
0.04797390475869179,0.3737132251262665,0.10786155611276627,0.3041176497936249,4.578746158479946,0.40821282465612874,2.22872969597743,0.20304590201243353
0.04730948433279991,0.37261030077934265,0.11134606599807739,0.3126470446586609,4.5414329181645465,0.4084320220582741,2.1921457645176843,0.20451920315277608
0.04532190039753914,0.37845587730407715,0.10796429961919785,0.3132352828979492,5.095474546123646,0.4049799533048691,2.2531904635096334,0.20348986625964813
0.30836665630340576,0.013713235035538673,0.3263697028160095,0.0020588235929608345,3.0827993433178293,0.09728662172407991,-0.1882463775414618,0.004800481899237609
0.2567734718322754,0.02606617659330368,0.27392011880874634,0.019411765038967133,3.82007247520536,0.24038222489161717,0.20161822640343882,0.02752180029587076
0.23110432922840118,0.04341911897063255,0.2187909334897995,0.06911765038967133,3.3740282493707694,0.2859228491762261,0.7032298436256915,0.05277441232681257
0.19614499807357788,0.08250000327825546,0.19389234483242035,0.12558823823928833,3.7409949142071923,0.32577266403518385,1.0072269489093761,0.08512331258135793
0.16897200047969818,0.11463235318660736,0.17768160998821259,0.12382353097200394,3.691838884898046,0.34696313189860406,1.246557625265463,0.10608866504732628
0.1514994502067566,0.1462867707014084,0.1695486605167389,0.1420588195323944,3.7136411648200647,0.3400839193674036,1.3440002600215215,0.11389774474577348
0.14974960684776306,0.1511029452085495,0.17225781083106995,0.17352941632270813,4.350563951703588,0.34968157822740964,1.3084378138580341,0.12885606052907528
0.11939219385385513,0.20264706015586853,0.14379678666591644,0.20852941274642944,4.027436610622851,0.3629486614732879,1.6383180397354806,0.14365461859367798
0.10084609687328339,0.23647059500217438,0.1403104066848755,0.21205882728099823,3.969875153123027,0.3616426698579141,1.696104875141803,0.1498493915379232
0.08892766386270523,0.26036766171455383,0.1427389681339264,0.1891176402568817,4.124663408399052,0.3536918299260834,1.6396464175695287,0.14323202506529195
0.08310142159461975,0.2750367522239685,0.13293366134166718,0.25058823823928833,4.191437608138183,0.37196503302217454,1.8515956173284447,0.16632226505693906
0.07479840517044067,0.28970587253570557,0.13418476283550262,0.251764714717865,4.1537229757274785,0.3685779092886369,1.8296311605320206,0.16720932551202825
0.06999368220567703,0.3039338290691376,0.12574808299541473,0.2635294198989868,5.260705332655928,0.3835401009949459,1.9553926982185406,0.17979028401987815
0.06751006096601486,0.31007352471351624,0.12168900668621063,0.2805882394313812,4.048627628580056,0.37774430533551373,1.9862813560434096,0.17819707418575612
0.06405701488256454,0.31911763548851013,0.1244163066148758,0.263823539018631,3.8740108004883265,0.3779644027634949,1.9295222660465434,0.17174613218246207
0.06280656158924103,0.32397058606147766,0.1251896321773529,0.2629411816596985,4.172360916608156,0.37265853909364083,1.9337251506700697,0.17480365847740298
0.05881153792142868,0.33073529601097107,0.11515040695667267,0.262058824300766,3.8225564949518858,0.38600083412415054,2.079240822580013,0.17766522926300554
0.05729448050260544,0.3394485414028168,0.12464570999145508,0.28205883502960205,4.462251386284604,0.38297479512314425,2.0435643888821895,0.1884783512872187
0.05432352051138878,0.34753677248954773,0.1272403597831726,0.2338235229253769,3.6113405469873303,0.3702630694798759,1.8290456722013448,0.1654263961448882
0.054698798805475235,0.3450367748737335,0.12503549456596375,0.2523529529571533,4.168913083848825,0.3786155106691491,1.9749862491860313,0.17632136805213078
0.05229184404015541,0.35569852590560913,0.11465448141098022,0.30441176891326904,4.450319330384666,0.3878551656217975,2.1480142978663843,0.18885423907418272
0.051804203540086746,0.3590073585510254,0.11735358089208603,0.2826470732688904,3.766286302230399,0.38554424166691303,2.050141589059066,0.17825144112415012
0.05029858648777008,0.3577941060066223,0.11627786606550217,0.27088233828544617,3.788926043993761,0.38529886981461337,2.093852453968568,0.17880333345498262
0.05196202173829079,0.35985293984413147,0.1172114834189415,0.28970587253570557,3.9782287678817103,0.38216067955799354,2.078928682366069,0.17958335723659866
0.0481455959379673,0.37025734782218933,0.11691410839557648,0.26499998569488525,3.78669624280947,0.3771972545899083,2.057423080040286,0.17891532176839037
0.04653610661625862,0.3744485378265381,0.11306177824735641,0.2952941060066223,4.387058284124428,0.387043448344434,2.1584290518431395,0.1891568907562751
0.048130422830581665,0.3725367784500122,0.11477068811655045,0.26852941513061523,3.6173625465133106,0.3814162468117891,2.0775543863973787,0.17824784878135744
0.04652624577283859,0.37988969683647156,0.11374539881944656,0.30352941155433655,3.7855099311206466,0.39124343547812207,2.1987908253965935,0.1909414678551424
0.045348942279815674,0.3872794210910797,0.11526481062173843,0.33000001311302185,4.912075809060168,0.3906097690516605,2.1990230940535747,0.20080362198732862
0.043294426053762436,0.38908088207244873,0.1255599707365036,0.27970588207244873,4.056224440529114,0.3776390902322879,2.04035072669436,0.18507358636843557
0.045408036559820175,0.3777941167354584,0.11323840171098709,0.3123529553413391,4.139030712877843,0.3900041350346434,2.180876760831564,0.1924392063343708
0.04322250932455063,0.3925735354423523,0.11061705648899078,0.31558823585510254,3.739121552301089,0.391614323551342,2.22075237756972,0.1891724055709284
0.04227914661169052,0.39198529720306396,0.1211409643292427,0.2929411828517914,4.059783660779487,0.37762322454854536,2.0697298716518198,0.1876708705020812
0.04345289617776871,0.39018383622169495,0.12091603130102158,0.31794118881225586,4.179569334296109,0.39088628366407213,2.0689518456350156,0.19816860251618404
0.039882879704236984,0.40419116616249084,0.11019719392061234,0.3355882465839386,4.246803586011701,0.3921589879681808,2.2595531259048762,0.19659224936270558
0.04164498299360275,0.39750000834465027,0.12012682855129242,0.3041176497936249,3.8243576411161815,0.3885735456300721,2.092658199129723,0.19245085556911062
0.04051734134554863,0.40047794580459595,0.1151857003569603,0.3152941167354584,4.231242916940428,0.3918560947376568,2.206722534846498,0.19811641120402518
0.04026424139738083,0.40386030077934265,0.10886182636022568,0.33500000834465027,4.227593821830802,0.39789699696265435,2.332230365017593,0.20552617555220265
0.04165198653936386,0.3991911709308624,0.11090972274541855,0.31735295057296753,3.7387958073763303,0.3897973520365309,2.1724745519554163,0.1867191465791272
0.04004137963056564,0.40316176414489746,0.14448778331279755,0.2729411721229553,4.518389191323985,0.3723085894349972,1.6835802520570338,0.18136058308038722
0.04085473343729973,0.40102940797805786,0.11141350865364075,0.328529417514801,4.620815007021067,0.3872296144930817,2.2215448174007406,0.1937178171893902
0.03804370388388634,0.416948527097702,0.1156957745552063,0.30441176891326904,4.169899219730417,0.390653670962164,2.192122368820812,0.2002609389373748
0.0393468402326107,0.4083823561668396,0.1215248629450798,0.32235294580459595,4.685448401346329,0.3972752500340776,2.1195495980751367,0.20783269873069501
0.038896627724170685,0.4092279374599457,0.11503728479146957,0.32588234543800354,4.15680394558292,0.3928082700648105,2.159769936034032,0.19464037181816302
0.037458647042512894,0.4188235402107239,0.1154923215508461,0.29852941632270813,4.22313353079488,0.38953820715257215,2.1593672705561406,0.1943076820988716
0.03912404552102089,0.41238969564437866,0.13007788360118866,0.29852941632270813,4.43402166785418,0.38073790055737533,1.9988028603275283,0.1962059647759845
0.037328846752643585,0.4210294187068939,0.11841019243001938,0.3097058832645416,4.118005281584096,0.38414011548093474,2.1188229755698784,0.19358718414618675
0.03705352172255516,0.4174632430076599,0.11159486323595047,0.33852940797805786,4.295294129570772,0.39466868266948757,2.2319730770000783,0.2046911623117628
0.03483248129487038,0.4298529326915741,0.10555966198444366,0.32499998807907104,4.343711900619796,0.39556958287687743,2.303486823295731,0.2013689081714393
0.03771679475903511,0.41878676414489746,0.10875438153743744,0.3570588231086731,3.966955964151518,0.3939943675525621,2.1891848775062885,0.18774617865616525
0.034281522035598755,0.43687498569488525,0.10896068066358566,0.3347058892250061,3.9652333022217676,0.38750987230711564,2.2364562645431336,0.19421346621546912
0.03650227561593056,0.42444851994514465,0.11518950760364532,0.30529412627220154,3.3653280465640156,0.38059394372002636,2.05946721426237,0.17755054349030114
0.03576097637414932,0.42779412865638733,0.11120085418224335,0.31647059321403503,3.6142280031628657,0.38661686681286134,2.180229254724883,0.18737971289441588
0.03542008996009827,0.4330514669418335,0.10524535179138184,0.3270588219165802,4.078662560549635,0.3970587474746366,2.2729647662195065,0.19818200300862512
0.03554578125476837,0.42797794938087463,0.15446659922599792,0.27352941036224365,5.147012987952889,0.37011108599723064,1.5966545630021334,0.17780059419452962
0.03561795875430107,0.43242648243904114,0.11416179686784744,0.33441177010536194,4.090464587949328,0.38754797328630136,2.1914025089592077,0.19034938240042795
0.03464622050523758,0.43187499046325684,0.11487241089344025,0.2902941107749939,4.570392378822852,0.38401083909242023,2.2068759409820986,0.19199491355545922
0.03538881987333298,0.4315073490142822,0.11047206073999405,0.3217647075653076,4.316814522099471,0.3946830311970261,2.2881997764220983,0.201023791873702
0.031724993139505386,0.44536763429641724,0.11212065815925598,0.3332352936267853,4.304224193616197,0.3923468141177241,2.282884557560996,0.20219944431351985
0.0335850790143013,0.4385294020175934,0.10373646765947342,0.3338235318660736,3.7546727810547593,0.3998912382903773,2.353177461332315,0.20474149205113557
0.03453584760427475,0.4387132227420807,0.11049424856901169,0.29911765456199646,3.5778419685349596,0.38642531296999244,2.1913150502668426,0.18900524258937737
0.03197604417800903,0.44522058963775635,0.11973706632852554,0.2902941107749939,3.7222809016533227,0.37413867826415365,2.012573424601968,0.17563905547568373
0.034695714712142944,0.4293382465839386,0.11660405993461609,0.31205883622169495,4.402579240540461,0.386835663826922,2.1448070340538536,0.20053647255996532
0.0326823964715004,0.4419485330581665,0.13675802946090698,0.26088234782218933,5.003457612911247,0.3767443925692953,1.8723899222130935,0.18922234598434598
0.03679433837532997,0.42463234066963196,0.10696054995059967,0.3432352840900421,4.2095076732901395,0.3953069426882716,2.318253535641196,0.20320731353151933
0.03369712829589844,0.4404779374599457,0.11693769693374634,0.3038235306739807,4.305245958257846,0.3893004140132348,2.1523215776645834,0.19635077187480918
0.03245757520198822,0.4449264705181122,0.10847504436969757,0.3132352828979492,3.781705380511963,0.39175780380042075,2.2925277322437214,0.1988522490176415
0.03190162405371666,0.44999998807907104,0.10600250959396362,0.3050000071525574,3.750929128686763,0.39207365261310806,2.2665580764072164,0.1910062607952283
0.032807543873786926,0.44613969326019287,0.11801958084106445,0.2988235354423523,4.073634337366268,0.38162146378372314,2.100476048800159,0.181641631578289
0.032647985965013504,0.4440808892250061,0.10478376597166061,0.32588234543800354,4.515658773166435,0.392926739827479,2.3551115420239572,0.20373031668227054
0.031019533053040504,0.45356616377830505,0.10584435611963272,0.3400000035762787,3.7583207494841533,0.38978611783663786,2.2972462625432253,0.1953440894740151
0.03262891247868538,0.44860294461250305,0.11231029033660889,0.31294116377830505,4.267222599571533,0.39068291641402714,2.241414099978901,0.2001122862863547
0.031810909509658813,0.45555147528648376,0.1426730453968048,0.25117647647857666,3.4289795151447935,0.3664171662079603,1.5871416032068661,0.1355345434100583
0.030838733538985252,0.45264706015586853,0.11057490855455399,0.34294116497039795,3.991548825893734,0.3947455658461157,2.3041545439684112,0.20398133963122284
0.03141959756612778,0.45466911792755127,0.10558407008647919,0.3329411745071411,3.7243320997001046,0.3939098198901904,2.3262316019745586,0.20063402540040726
0.030973102897405624,0.45341911911964417,0.10829255729913712,0.32499998807907104,4.087679314472019,0.3926757038706022,2.2854526069213983,0.20092984590499197
0.03172752633690834,0.45518383383750916,0.11522695422172546,0.2841176390647888,4.3356229636623596,0.381919055920442,2.1226471846547095,0.1865879511127085
0.02814219519495964,0.4722793996334076,0.11143655329942703,0.3114705979824066,3.3768087635777047,0.3892247045865018,2.1484611447995547,0.18491343807700286
0.030034834519028664,0.4577941298484802,0.11581788957118988,0.31117647886276245,4.230293553229713,0.38577892403365627,2.2050702606467882,0.19598856725878483
0.03197947517037392,0.44911766052246094,0.11378132551908493,0.3485293984413147,4.860828482145049,0.3932747041716444,2.2531370989654125,0.20779280458332777
0.03547424450516701,0.43672794103622437,0.10751774162054062,0.35735294222831726,4.05773081440584,0.3958193563563132,2.346189351678314,0.20895441978547105
0.029979975894093513,0.45801469683647156,0.11094889044761658,0.33352941274642944,4.262945985536609,0.3934698549706093,2.2986612678971077,0.20201886737420363
0.02995871566236019,0.4579043984413147,0.10695836693048477,0.330294132232666,4.06637859206743,0.39130737528902493,2.3213219792111808,0.19741977691642654
0.028936265036463737,0.4653308689594269,0.10722850263118744,0.33794116973876953,4.182193812828718,0.3918261347050895,2.2710590725826085,0.1994999857161417
0.029628437012434006,0.46613970398902893,0.11019628494977951,0.3108823597431183,4.2524671449927025,0.3911554600751689,2.292603406055625,0.20062825427081038
0.0289592482149601,0.4676470458507538,0.111164391040802,0.3132352828979492,4.186121474586656,0.39447686663596226,2.2587764515498376,0.1998193306786539
0.029841169714927673,0.46867647767066956,0.1090807095170021,0.31029412150382996,4.6079003258707685,0.3965402830658118,2.31374383442782,0.20354031184001897
0.03032546490430832,0.45977941155433655,0.1054641604423523,0.33852940797805786,3.921916447716317,0.39905156581276036,2.3633701148574784,0.20870621798581038
0.029481209814548492,0.46205881237983704,0.11457108706235886,0.29323530197143555,4.0623776594193375,0.38412584833838664,2.131992794733166,0.18613416923154164
0.027784060686826706,0.4701470732688904,0.10936106741428375,0.3229411840438843,4.079507156073135,0.3968787458255721,2.2930049979226745,0.20070697222024303
0.029593059793114662,0.4683823585510254,0.11225708574056625,0.3561764657497406,4.348224948094725,0.39634466461617335,2.279633125045126,0.20553875138219777
0.028088269755244255,0.4717647135257721,0.11345694214105606,0.31382352113723755,3.5502210875369093,0.3904030656061653,2.156915250100088,0.18663368574250552
0.028109388425946236,0.4748161733150482,0.10410776734352112,0.3329411745071411,3.900075233128504,0.4030713645624225,2.386359971795798,0.20597200455934175
0.029986537992954254,0.45981618762016296,0.11317996680736542,0.3005882501602173,3.892712749999173,0.38513102262437676,2.0966007947359704,0.17981747207519275
0.031302984803915024,0.4554411768913269,0.10885337740182877,0.3252941071987152,4.12491931899683,0.39911663693943983,2.3104231243205415,0.20667864076556727
0.029338113963603973,0.4673161804676056,0.10868573933839798,0.3400000035762787,4.348406280851627,0.39748971097420116,2.2796667096636445,0.20319414280674045
0.030172351747751236,0.4670220613479614,0.22616654634475708,0.11941176652908325,3.3522521336168736,0.26240625653310756,0.645599362946935,0.06709233008285664
0.028952989727258682,0.46672794222831726,0.11382985860109329,0.3108823597431183,4.016574392294121,0.3927803110424632,2.2456317035111995,0.1998150154175071
0.028133820742368698,0.47757354378700256,0.14764343202114105,0.21617646515369415,3.8402339730577073,0.3498673451992247,1.7151291967836677,0.15754809335271439
0.027304375544190407,0.48058822751045227,0.12174098938703537,0.2858823537826538,3.7131502194825794,0.3804039312670487,2.1146193487144185,0.18891029111709673
0.027911219745874405,0.4742647111415863,0.10778585821390152,0.3364705741405487,4.089987122109862,0.39511500141655453,2.3497052156817193,0.2027576873641892
0.02761436253786087,0.47720587253570557,0.106066033244133,0.3247058689594269,4.5526687398829715,0.3967851595209108,2.3231347068675134,0.1991049769719936
0.027941923588514328,0.4724632501602173,0.11392048746347427,0.29823529720306396,3.8004614619375046,0.3895108922433441,2.107041225064924,0.18474308479643142
0.029547525569796562,0.4679044187068939,0.10744651407003403,0.3305882215499878,4.260899709477726,0.4017139113019822,2.3509964309751212,0.20804538117929816
0.026676224544644356,0.48393383622169495,0.12605208158493042,0.27852940559387207,3.656356864412065,0.3752735769444665,1.9439848489666613,0.17037009609747697
0.026588482782244682,0.4802573621273041,0.11659114807844162,0.31970587372779846,3.867042674369602,0.3906652010788829,2.1626835285610198,0.18529426296315776
0.02884185127913952,0.4738602936267853,0.11358729004859924,0.32588234543800354,3.870237268659878,0.39295076584868277,2.257508626491038,0.199958404446023
0.027558976784348488,0.47466912865638733,0.10836946219205856,0.328529417514801,4.114712072948466,0.39655683561024635,2.3411057677314138,0.20875781746108293
0.027839092537760735,0.4777941107749939,0.1108928695321083,0.3055882453918457,4.043600114285781,0.3837635402996875,2.24933964066041,0.1922152777136911
0.025863295421004295,0.4919852912425995,0.11880526691675186,0.3244117498397827,4.513984403681277,0.38611771459982985,2.2436651352476042,0.20395119462598787
0.3168724477291107,0.011066176928579807,0.2977077066898346,0.0061764707788825035,3.117993038266374,0.15431231076230326,0.07868147720559904,0.012339825271304877
0.26442015171051025,0.026948530226945877,0.27197402715682983,0.022058824077248573,4.127971343552338,0.22299063998575497,0.2681680284742131,0.02453175362895207
0.24481865763664246,0.03709558770060539,0.24255505204200745,0.03735294193029404,5.104071442819856,0.28347655549061673,0.5240122002646599,0.047876978110720794
0.22278666496276855,0.05952205881476402,0.21727986633777618,0.06441176682710648,3.8399769781686226,0.2826666096932866,0.7570830338818112,0.062473401875760684
0.1824093610048294,0.11047793924808502,0.1821756809949875,0.11999999731779099,4.58046747427522,0.3176274466341974,1.1973581742414963,0.09824342895938382
0.14785972237586975,0.15823529660701752,0.16658538579940796,0.1352941244840622,4.382914253740991,0.34002806013718045,1.3585357132354685,0.12578653108461607
0.12502311170101166,0.19562500715255737,0.1560276299715042,0.17529411613941193,4.371757049236894,0.35151755529248174,1.4795034497037713,0.1351446580087776
0.10761711746454239,0.22694852948188782,0.1462969034910202,0.20529411733150482,6.017594452818069,0.35867964511028605,1.631513917294484,0.14993851827016969
0.09397470951080322,0.2559926509857178,0.14448656141757965,0.20705881714820862,4.573696575422925,0.35378690536512963,1.6667169039286445,0.14728756442597712
0.08416058123111725,0.27672794461250305,0.13568279147148132,0.22323529422283173,5.647205824173006,0.3741610007592511,1.78890703331981,0.16548756886422078
0.07652459293603897,0.29448530077934265,0.1361275464296341,0.23088234663009644,5.451950357926411,0.3691631016212072,1.8069393224354593,0.1660266690100936
0.07147473841905594,0.3116176426410675,0.13310308754444122,0.2252941131591797,5.450919890292438,0.3732052231614026,1.8650949736926075,0.16861889754557008
0.06726276874542236,0.3216911852359772,0.1277761459350586,0.24558822810649872,6.196775231156442,0.378308391682407,1.9529682275450162,0.17309999898409548
0.06255041807889938,0.329889714717865,0.12411235272884369,0.2644117772579193,5.612138240915064,0.3774644510494428,1.9737381128310112,0.18006828546040501
0.0592481903731823,0.34154412150382996,0.12707412242889404,0.2635294198989868,5.6322106116550845,0.3753153882199038,1.9322519002113356,0.1738938195698153
0.05641854554414749,0.3506985306739807,0.12596188485622406,0.2911764681339264,5.600812652242741,0.3814014778934905,1.9648449484104686,0.18144156626874325
0.054058730602264404,0.3579411804676056,0.12328825145959854,0.29235294461250305,5.995518980980627,0.37898524956526103,1.9417760268382138,0.18160984033684244
0.05228153616189957,0.3645220696926117,0.12046246975660324,0.28117647767066956,5.056980117514911,0.3768169983162325,1.9659805880343184,0.16894174787218344
0.05104469880461693,0.3700367510318756,0.12521421909332275,0.2647058963775635,6.571961631129291,0.3752135205278871,1.9730806544641182,0.18334781478385867
0.049576252698898315,0.3774999976158142,0.11932508647441864,0.28705883026123047,5.416418714333933,0.3878313374301632,2.052925129745484,0.18539669240213721
0.0476546585559845,0.38290441036224365,0.1215595081448555,0.3038235306739807,4.872922869576312,0.380191687009466,2.0816070408823646,0.18750542240867443
0.045755695551633835,0.3895955979824066,0.11767458915710449,0.31029412150382996,5.811917221841978,0.38807447115487587,2.091609188431661,0.193170461898604
0.044943783432245255,0.3973897099494934,0.11928072571754456,0.3055882453918457,5.582021218433233,0.38643211879715034,2.111583643040579,0.19019598755985265
0.044909991323947906,0.39547795057296753,0.11897952109575272,0.3158823549747467,5.894149497117515,0.3834362311499615,2.1202197549190367,0.19275883940464586
0.04436606913805008,0.4000735282897949,0.12421443313360214,0.3082352876663208,6.142158687013558,0.37360187666797623,2.001386181080012,0.18175054452309022
0.043026458472013474,0.40544116497039795,0.11834419518709183,0.30352941155433655,6.923669680477413,0.3848311212219727,2.1149445933059567,0.19713101958625917
0.04092682898044586,0.4186764657497406,0.11590789258480072,0.3123529553413391,5.552910373161126,0.3840130076184134,2.1762645386596886,0.196904881168738
0.040672920644283295,0.4131985306739807,0.1125851720571518,0.31558823585510254,6.9200857797171205,0.38568473245942314,2.168449063451174,0.19400920683259976
0.039906520396471024,0.4231249988079071,0.12024776637554169,0.3082352876663208,5.58206966560642,0.3809900815620377,2.076232832994527,0.19005591829458898
0.041936811059713364,0.4156250059604645,0.11493094265460968,0.3182353079319,5.283241606275858,0.38565974312484697,2.145955143103897,0.19445856243168547
0.03812763839960098,0.4323161840438843,0.12207819521427155,0.328529417514801,6.4900581512198,0.3858340294826211,2.0993501902256377,0.20044274418942443
0.03760051354765892,0.4342647194862366,0.11570574343204498,0.31205883622169495,6.487764481764149,0.38492766677888385,2.125619015013488,0.19090731474239947
0.039260685443878174,0.42636027932167053,0.11313042044639587,0.33588236570358276,6.0767430064761365,0.3886554656062208,2.232491073912414,0.19823960161767692
0.03666632995009422,0.4397794008255005,0.11002080887556076,0.32735294103622437,5.956918751318656,0.3888327047402557,2.239082335306408,0.19455480918349327
0.03634867072105408,0.4405514597892761,0.11974877119064331,0.3091176450252533,6.411505633295584,0.38216249678092595,2.07498814851901,0.1963568511049354
0.036613427102565765,0.4378676414489746,0.11662402749061584,0.3458823561668396,5.735678195871283,0.39260863349418595,2.1346034505162437,0.19833686336641837
0.03610822185873985,0.44040441513061523,0.11400025337934494,0.3494117558002472,6.349064196080512,0.3880469864910647,2.2090246405831926,0.1977503406563573
0.0384945310652256,0.4347058832645416,0.11701404303312302,0.3270588219165802,6.514651958093044,0.3844605666454822,2.1333776141906196,0.19390377836966516
0.03541916608810425,0.4444117546081543,0.11489410698413849,0.33352941274642944,6.842762906539044,0.38480864592468794,2.1896591763590414,0.1941594784398279
0.03426312655210495,0.4561764597892761,0.11123574525117874,0.3432352840900421,7.516595822212862,0.3884860372969343,2.2367684049381067,0.20166850024537672
0.034074537456035614,0.45088234543800354,0.11088255792856216,0.31705883145332336,6.1588687123692525,0.3914622249030257,2.2467530550441226,0.19956058152798153
0.035068172961473465,0.4495220482349396,0.1129109114408493,0.338823527097702,7.193224298142991,0.38995185520318204,2.21362602129011,0.1995145170778983
0.0341513492166996,0.4497426450252533,0.10862301290035248,0.3535294234752655,5.729888408431667,0.39075324434774317,2.261079504648248,0.19783825298339636
0.033909332007169724,0.4621691107749939,0.11023524403572083,0.3305882215499878,6.099288310219508,0.3882042836891025,2.2541515612159255,0.19834093041825948
0.03394056484103203,0.4547426402568817,0.1178414449095726,0.3441176414489746,6.468832707769482,0.38851790654389,2.163792636786642,0.2042250519956277
0.03252115473151207,0.463382363319397,0.11765442788600922,0.3288235366344452,6.132661577125775,0.38570507908380025,2.1522891965662216,0.20264686191473633
0.03234630450606346,0.46632352471351624,0.10915952175855637,0.3152941167354584,5.957948624827347,0.3907552191179937,2.284645099953608,0.20123344679507313
0.03184858709573746,0.46496322751045227,0.11567550897598267,0.33264705538749695,5.7711153061384355,0.38698428638863425,2.223213226739094,0.20476642405136722
0.03148391842842102,0.46562498807907104,0.11568945646286011,0.32735294103622437,6.10696221788377,0.3850555168198262,2.1910610290362684,0.2003833216371566
0.03194812685251236,0.4650000035762787,0.11293721944093704,0.33000001311302185,6.036180968313716,0.38809645478174415,2.233387908853053,0.19963895548899185
0.031242405995726585,0.47077205777168274,0.11101318895816803,0.3435294032096863,5.490819154451704,0.38965611699020697,2.241680565504408,0.2014243235443053
0.032223790884017944,0.4614338278770447,0.10969430953264236,0.3614705801010132,5.526631808262323,0.39259770677578754,2.2551968341449506,0.19731078924061474
0.030764605849981308,0.46882352232933044,0.11531978100538254,0.32323530316352844,5.258581560015433,0.3847102751710411,2.170389519164663,0.1954274332161222
0.030908796936273575,0.46919116377830505,0.11169853061437607,0.31294116377830505,5.892153242464674,0.3889736550759229,2.2015260557489063,0.19599989435925644
0.030852599069476128,0.47363969683647156,0.11050468683242798,0.3511764705181122,4.776434580699594,0.3908767726685028,2.292062492025845,0.20506211573869326
0.03042147494852543,0.4770955741405487,0.10966987162828445,0.3408823609352112,5.514061193188776,0.3911708689470887,2.293650845917378,0.20552548938088963
0.030071767047047615,0.4786396920681,0.11462040990591049,0.34294116497039795,4.99703957783786,0.3894206025574305,2.2402161591489627,0.20639727907538696
0.029246322810649872,0.48301470279693604,0.11217255890369415,0.3238235414028168,5.198626944076828,0.39108209475503264,2.1882700590274013,0.20007267500228101
0.029619591310620308,0.4840073585510254,0.11353364586830139,0.3408823609352112,6.536224738928937,0.3930442818857225,2.1976972418118907,0.2087206619903294
0.029621878638863564,0.4784926474094391,0.11410380899906158,0.3499999940395355,6.520019781811341,0.3900656627941696,2.19581736016497,0.20530511039086544
0.029454397037625313,0.48389706015586853,0.10813360661268234,0.33852940797805786,5.855737592203551,0.3895512036488755,2.290894317438234,0.20054328029699175
0.028749004006385803,0.48639705777168274,0.11161062121391296,0.35235294699668884,6.1366328226819435,0.38596794658290656,2.272680394521135,0.20550961035761955
0.02882179245352745,0.4838235378265381,0.11056538671255112,0.338823527097702,6.467926262502845,0.38966084523564004,2.2632436937448652,0.2043443050456926
0.028327345848083496,0.4890073537826538,0.1109040305018425,0.3338235318660736,6.248328084141146,0.39181886389377785,2.2750001580712254,0.20407386568029193
0.028371484950184822,0.4834926426410675,0.11103212088346481,0.32588234543800354,5.665727128393173,0.39123453596386304,2.2800288578270247,0.2043639540808653
0.029006347060203552,0.4799632430076599,0.1117498129606247,0.32764706015586853,6.039988091608447,0.38912643188130885,2.2886909124252965,0.2057159833234716
0.02876475639641285,0.48709559440612793,0.11256056278944016,0.3211764693260193,6.414674066864393,0.3900107783438194,2.2901972480557533,0.20698905473123058
0.027996119111776352,0.4895220696926117,0.11035402119159698,0.3408823609352112,4.925109143206482,0.38912260152348527,2.2542995126761474,0.1961357893860137
0.02788032591342926,0.4865073561668396,0.10797811299562454,0.3320588171482086,5.936289806242707,0.39314476533381565,2.30496429504072,0.20494957112149498
0.027372019365429878,0.4903676509857178,0.10716414451599121,0.3552941083908081,5.569429166834574,0.3926221549345866,2.3238920594717762,0.20222050276490455
0.02810578979551792,0.48573529720306396,0.11112124472856522,0.3408823609352112,5.6251736888968225,0.3875057355861596,2.258211984767543,0.2037254956526414
0.027048513293266296,0.49121323227882385,0.10861709713935852,0.3620588183403015,5.9402600342753775,0.3957339190679379,2.352131414666059,0.2104851291390866
0.02744586020708084,0.489705890417099,0.11245097219944,0.35058823227882385,6.723716518826833,0.3914728575774769,2.2858119126497702,0.20488859769080772
0.026989903301000595,0.4980147182941437,0.10812218487262726,0.3373529314994812,5.959810122668068,0.39142873671865613,2.334586576905879,0.2067233492332536
0.02660095877945423,0.5027941465377808,0.10676252841949463,0.3297058939933777,5.736544215309393,0.39065505016881513,2.341912066953754,0.20464258625203405
0.02641635201871395,0.4988970458507538,0.10949341952800751,0.3502941131591797,6.035356805314085,0.3926683607890053,2.3454065190186473,0.21036530703872286
0.02661949023604393,0.4948161840438843,0.11002331227064133,0.3294117748737335,5.6964803666254085,0.39434093644631457,2.3128406236181966,0.21098274715915594
0.026321543380618095,0.4971323609352112,0.10524144023656845,0.3458823561668396,5.85399618251004,0.3944676613870641,2.3753883944114973,0.20980593088532318
0.026367146521806717,0.5023161768913269,0.10781226307153702,0.338823527097702,5.59246800194999,0.3940213662874743,2.373982868436143,0.2081848577163525
0.026151303201913834,0.5008456110954285,0.10795584321022034,0.35588234663009644,5.253098666412166,0.39074714357096757,2.3590724937692276,0.21055096720701025
0.02559996210038662,0.5073897242546082,0.1082790270447731,0.35588234663009644,5.623880171278511,0.39132300449094953,2.333260097906629,0.20667538843130495
0.02594122290611267,0.5016911625862122,0.10631273686885834,0.37441176176071167,5.247067921685184,0.3962118507434917,2.324415311231988,0.20424782471610195
0.02598416991531849,0.5,0.10696657747030258,0.3691176474094391,5.36535696969741,0.3915762891948621,2.3385604063045755,0.20607641791815126
0.025639448314905167,0.5054411888122559,0.10874845087528229,0.32764706015586853,5.5594526661980925,0.39153164880174096,2.3320154265270148,0.20951525477622882
0.025075098499655724,0.5097793936729431,0.10725867003202438,0.3426470458507538,4.6100502610129865,0.39590919466262237,2.3492580567300427,0.20741888002707937
0.025421153753995895,0.5050735473632812,0.10891619324684143,0.3449999988079071,4.977866434178192,0.3911461787536081,2.2742599554981933,0.2012332110312403
0.02552410215139389,0.5077941417694092,0.10871634632349014,0.36676469445228577,5.800568822305221,0.39390741513508987,2.342339299831274,0.2157917950139847
0.02482631243765354,0.5111029148101807,0.10974306613206863,0.34794119000434875,5.799772749398731,0.39078178409383674,2.332749902329947,0.20540107104148708
0.025370221585035324,0.507536768913269,0.10612250864505768,0.3602941036224365,6.150110246502292,0.39279124904009516,2.3872452588243607,0.2114966883044217
0.024401400238275528,0.5083088278770447,0.10545319318771362,0.36588236689567566,5.3122414119492225,0.3963610736918705,2.387550716767635,0.2103431780056588
0.024610266089439392,0.5113970637321472,0.108143649995327,0.3320588171482086,5.238517364733567,0.3872686964799606,2.322762146917576,0.2074174649549691
0.024834752082824707,0.5106250047683716,0.11065375804901123,0.3700000047683716,6.349308381383751,0.3943341719124378,2.3176323553993528,0.21090650274151318
0.02471054159104824,0.5134926438331604,0.11241281777620316,0.3535294234752655,4.757682189470685,0.3839267950731611,2.231837169075208,0.19845243717855526
0.024974863976240158,0.5126470327377319,0.11089920997619629,0.34470587968826294,5.403243049805632,0.3880621710935964,2.280912977395256,0.2046233981123566
0.02488057129085064,0.513786792755127,0.10913893580436707,0.3547058701515198,5.408273451189615,0.39274125063314436,2.346171450385324,0.20922071288640556
0.023708870634436607,0.5211764574050903,0.11069422960281372,0.3499999940395355,7.244347463861817,0.3924164693209836,2.312192198840631,0.2104631098602054
0.02381608821451664,0.5171691179275513,0.10906662046909332,0.3614705801010132,6.066233097632112,0.3942561290033453,2.3324254533110396,0.20755411956125652
0.023868124932050705,0.5186396837234497,0.10994840413331985,0.3329411745071411,5.6028577591542295,0.39023179827151594,2.30857144459501,0.20439804430092234
0.023605016991496086,0.517794132232666,0.10700598359107971,0.3517647087574005,5.8838416658321355,0.3934137779178277,2.3518609864317743,0.20928102379270902
0.023374322801828384,0.5194485187530518,0.10517568141222,0.35058823227882385,5.474326917976569,0.39309050280464153,2.3517797431450713,0.2041650981560402
0.023556150496006012,0.516985297203064,0.10616552084684372,0.36500000953674316,6.95328375439984,0.39697317694618844,2.3980607619642154,0.2133233126123071
0.02327393740415573,0.5219117403030396,0.10652420669794083,0.37705883383750916,6.216305426864595,0.3960188592532687,2.3326603964728636,0.21196686646720136
0.023949775844812393,0.5175367593765259,0.10686825215816498,0.36176469922065735,4.995476917746016,0.3919984886802246,2.330069264869461,0.21065045367137766
0.023080715909600258,0.5177205801010132,0.10839645564556122,0.3723529279232025,5.614805228190619,0.3886142308143815,2.3735149139040597,0.20992504477026339
0.02375786565244198,0.5184191465377808,0.10922560840845108,0.37705883383750916,5.987505767546465,0.3928876466797477,2.3422820520053955,0.2131031852136757
0.023331960663199425,0.520992636680603,0.10800106078386307,0.35647058486938477,6.888396995328254,0.39231844108796754,2.3333356605667186,0.20619246368731498
0.023191455751657486,0.5205514430999756,0.1060638502240181,0.35558822751045227,5.587935394551247,0.3923678502598388,2.3605975240523147,0.20788707628992617
0.023358527570962906,0.5189706087112427,0.10590138286352158,0.35823529958724976,6.092662743880117,0.3972066970927715,2.40462333652122,0.21021640042818965
0.022721026092767715,0.525955855846405,0.10436808317899704,0.37705883383750916,6.216248623262455,0.398602627007692,2.3711001761883406,0.2109142861757696
0.022530853748321533,0.524117648601532,0.11002995818853378,0.35588234663009644,5.611399865967477,0.3942016796814441,2.322641206900294,0.21024732195371826
0.333305686712265,0.003860294120386243,0.32347574830055237,0.005588235333561897,2.4825480592965943,0.0776830849362399,-0.09815918221767729,0.0024362894451629
0.30809131264686584,0.0039338236674666405,0.31824854016304016,0.0,1.9262497490563868,0.0651834851307214,-0.03239815851528842,0.001775842443552836
0.29932063817977905,0.011507352814078331,0.30812570452690125,0.00029411763534881175,2.208256998759438,0.10725252136366996,0.014230812498348951,0.0035320618961433904
0.29411572217941284,0.01455882377922535,0.3142147958278656,0.007647058926522732,3.2121802593060633,0.09969401991113919,-0.1144816733606566,0.005706341803998032
0.2929943799972534,0.014154411852359772,0.31455865502357483,0.0029411765281111,2.1321053318154997,0.022698142345887105,-0.0507512715090941,0.0008832301729800496
0.2904569208621979,0.013860293664038181,0.29815706610679626,0.009411764331161976,2.180623756267281,0.1440073773259303,0.09789633809709673,0.003734881994274885
0.28875067830085754,0.01658088155090809,0.3015216886997223,0.007352941203862429,2.5454483519883997,0.11541091772847398,0.04386440492499546,0.003985504694521082
0.28775617480278015,0.017058823257684708,0.294533371925354,0.013823529705405235,2.095204402413544,0.15174204904091057,0.125295574221466,0.005492122005402812
0.2870129644870758,0.017941176891326904,0.29684433341026306,0.010882352478802204,2.2672444568298578,0.12955135417007832,0.08123403913583256,0.005909801050602982
0.28410854935646057,0.01882352866232395,0.2890044152736664,0.012058823369443417,2.6358132956053835,0.17006101985234734,0.13387684169165906,0.01073652563316848
0.27701306343078613,0.01768382266163826,0.2851831316947937,0.002647058805450797,2.289607507634425,0.19416466140907754,0.20024010148897423,0.00828981848966824
0.2743056118488312,0.021250000223517418,0.2944013774394989,0.012941176071763039,3.3878688085727604,0.16025115380130361,0.08191973720961529,0.012052564875840747
0.2730451822280884,0.024301471188664436,0.2960861921310425,0.0029411765281111,2.858563858969633,0.14242517376576494,0.05723147208611843,0.005931287252079522
0.272166907787323,0.029411764815449715,0.2882733941078186,0.014411765150725842,2.4909801816643675,0.1337414600292458,0.11819840775644269,0.009870290432436825
0.27079689502716064,0.028897058218717575,0.28475746512413025,0.01147058792412281,2.3093401335782286,0.17146204148981228,0.17963668849114547,0.009946416167764363
0.26652976870536804,0.03378676623106003,0.2771642208099365,0.026470588520169258,2.540677067048301,0.14993060361537763,0.1978965393747918,0.015651731910419686
0.25778451561927795,0.04360293969511986,0.27167418599128723,0.057058822363615036,2.9738848518744256,0.19409014270540534,0.30657573364035623,0.030275664059950122
0.25009146332740784,0.05110293999314308,0.26161178946495056,0.04529411718249321,2.9782750995420066,0.18422662441704513,0.3395952480503979,0.028685991847011715
0.23785531520843506,0.05981617793440819,0.25213149189949036,0.057058822363615036,3.1679180988636033,0.2094912652764596,0.4587881773573814,0.03698908856571569
0.23216289281845093,0.06970588117837906,0.24306374788284302,0.0694117620587349,3.143711670435708,0.21357179109141464,0.5367695603590957,0.045498496404945084
0.22543057799339294,0.07838235050439835,0.24055339395999908,0.08352941274642944,3.9505695292137606,0.23161723315808933,0.6128773972138055,0.06131405359402746
0.219992533326149,0.08588235080242157,0.24836206436157227,0.07205882668495178,3.853521398218914,0.20799549750119503,0.5181023182715347,0.054855184975659034
0.21546083688735962,0.09176470339298248,0.2355724722146988,0.0770588219165802,4.062683238810037,0.22672814933638646,0.6500478953258764,0.0638427053904712
0.21404241025447845,0.09573529660701752,0.24552077054977417,0.0788235291838646,3.9778582075177473,0.22158551410662522,0.5800475943779526,0.060370939941792344
0.20892836153507233,0.10268381983041763,0.2296900898218155,0.09235294163227081,3.439242662278005,0.23623155611696478,0.7206486646276167,0.06725463216494157
0.20553644001483917,0.10933823883533478,0.23480795323848724,0.10000000149011612,3.9088599409808973,0.2372572288871334,0.671073422646859,0.07053433654798431
0.20331835746765137,0.1127573549747467,0.22651514410972595,0.09205882251262665,3.4105123591182713,0.24629293497027513,0.7992715838083637,0.07269489608671986
0.19993816316127777,0.12018382549285889,0.22690905630588531,0.10352940857410431,3.884189295762958,0.23714441014459034,0.7569671968471541,0.07330673822695045
0.19810733199119568,0.12209558486938477,0.22884361445903778,0.11117646843194962,3.6601790400052265,0.2331971769056517,0.7742549403791952,0.07061468452310579
0.1941850483417511,0.13011029362678528,0.2186044603586197,0.10117647051811218,3.5699269686741575,0.24548561741947225,0.8439595064070803,0.0779358513395774
0.1926693618297577,0.13025735318660736,0.21790599822998047,0.11323529481887817,3.6585066755526032,0.24863163280958048,0.8867135557718413,0.08239893462490182
0.19067871570587158,0.13124999403953552,0.21926075220108032,0.11058823764324188,3.256093042107298,0.24576517768892,0.8480374077475294,0.07969626412393103
0.18749991059303284,0.1388603001832962,0.22082652151584625,0.11941176652908325,3.7514403248567865,0.2540542253926346,0.8519345167517991,0.08532398920220892
0.18580392003059387,0.1402573585510254,0.2208922803401947,0.10911764949560165,3.8273439073742668,0.2493645171425514,0.8453545780368831,0.08368566458930733
0.18371960520744324,0.14286763966083527,0.21313835680484772,0.11323529481887817,3.3772200615106596,0.2517447450455144,0.8852724995885304,0.08193969344298978
0.1812531054019928,0.14727941155433655,0.21716143190860748,0.11676470935344696,3.5364601518430545,0.2510572181248491,0.8797835942668598,0.0879466106074844
0.1787094622850418,0.1525000035762787,0.21376998722553253,0.11088234931230545,3.5309907782751853,0.2521253248461871,0.928712386578716,0.08573367755691857
0.17571544647216797,0.15507352352142334,0.21183855831623077,0.11970588564872742,3.6241338580682316,0.2595039531299522,0.9515790215691196,0.09314215960946093
0.17138853669166565,0.15772059559822083,0.21078670024871826,0.13764706254005432,3.5517676890948806,0.25359407897161584,0.9295291355621276,0.08444201949135119
0.17009392380714417,0.16003675758838654,0.21267543733119965,0.12441176176071167,3.4091579760615467,0.25163031182667955,0.9075327819366207,0.08528231636456005
0.1689256727695465,0.1628308892250061,0.2067204713821411,0.14088235795497894,3.6254710879986027,0.26718942958224096,1.0012985034369555,0.0961107648205006
0.1642826646566391,0.16746322810649872,0.20419152081012726,0.1447058767080307,3.4305957932509017,0.26417605512926345,1.0176924074287879,0.09636625707776032
0.1640021800994873,0.1699264645576477,0.20578354597091675,0.12911765277385712,3.464604672065075,0.2642365072562593,1.0088198522595846,0.09476814416248357
0.16021479666233063,0.17393381893634796,0.20196901261806488,0.1429411768913269,3.442877763877382,0.27148940990646586,1.0460361673718317,0.10157044631239705
0.15868760645389557,0.17459559440612793,0.214752659201622,0.13970588147640228,3.7764977609166475,0.2634863311188504,0.9169885901385201,0.09958338852338734
0.15752413868904114,0.17694853246212006,0.2029944509267807,0.13058823347091675,3.6666141065159676,0.2714066398624703,1.0733942315237737,0.10349119466198294
0.15590068697929382,0.17981617152690887,0.20134137570858002,0.1317647099494934,3.6018433671982937,0.2715907854363026,1.051351293054656,0.10222561689650828
0.15409423410892487,0.18301470577716827,0.20509134232997894,0.13941176235675812,3.902028949911512,0.2745644405039705,1.0171021747377988,0.10240605285374095
0.1534641534090042,0.1825367659330368,0.20111124217510223,0.15558823943138123,3.6892781095836304,0.2741609033013791,1.0910886752150395,0.10770501429606161
0.15133973956108093,0.18955881893634796,0.19808730483055115,0.1455882340669632,3.358672424908786,0.2723163066919652,1.0871973369241834,0.10380278827045081
0.15150554478168488,0.18613970279693604,0.1986764669418335,0.16294117271900177,3.6428347585319005,0.27565867423706014,1.1205894866020831,0.10751481690301493
0.14965756237506866,0.1869485229253769,0.19517184793949127,0.15735293924808502,3.3682441374327894,0.27736201841962865,1.141291385396184,0.10709198857715639
0.14820513129234314,0.1903308779001236,0.19979223608970642,0.15117646753787994,3.7803644291750964,0.28192096672884637,1.1146918947510784,0.11380293061291782
0.1457223892211914,0.1961764693260193,0.19612103700637817,0.15117646753787994,3.568352032100358,0.2803731575013139,1.1425373635098501,0.11156841658294364
0.14563427865505219,0.1949632316827774,0.20067435503005981,0.15117646753787994,3.8338914091602714,0.27635206583764566,1.086778303567728,0.1123056582347853
0.14324378967285156,0.20084558427333832,0.20054100453853607,0.1599999964237213,3.6839255855243915,0.27895565040192744,1.0787762758588653,0.10991649876946298
0.14397381246089935,0.1979779452085495,0.19139815866947174,0.17235293984413147,3.864762366986764,0.2844524226081679,1.183914086579123,0.1161156826014808
0.13945631682872772,0.20522059500217438,0.19585750997066498,0.17764705419540405,3.845381993119666,0.2859441568725552,1.1913304016837114,0.11747506967899998
0.13923241198062897,0.20908087491989136,0.19655250012874603,0.17529411613941193,3.699437849691836,0.2818016506806866,1.1821170748954135,0.11507108976818231
0.1382642239332199,0.20749999582767487,0.1950841099023819,0.1702941209077835,3.799402196513745,0.2828080980144652,1.2017234084368686,0.11944758175195652
0.13777679204940796,0.2068749964237213,0.19015946984291077,0.16970588266849518,3.925592906878365,0.2886039177320444,1.219750890975256,0.1187303095935533
0.13520760834217072,0.21477940678596497,0.1951856017112732,0.16882352530956268,3.9609069136185537,0.28777054146952175,1.1876680116106186,0.11896248283810161
0.1349373161792755,0.21209558844566345,0.1896873563528061,0.1670588254928589,4.058944548737039,0.28884004210637587,1.2434205016199689,0.11738813541323918
0.13413482904434204,0.21238970756530762,0.190079465508461,0.1764705926179886,4.0264566307049545,0.2871725200519057,1.2339347344697664,0.11686695444531901
0.13245026767253876,0.21242646872997284,0.18506941199302673,0.16382353007793427,3.6364040166688345,0.2915855494914958,1.2374799430010452,0.11581965700649158
0.13142532110214233,0.21834558248519897,0.18963485956192017,0.19117647409439087,4.123198782944016,0.2957764183705738,1.2230334787398631,0.11907905336210828
0.1301141381263733,0.2203308790922165,0.18729358911514282,0.1773529350757599,3.8692401344108616,0.2934328337379429,1.2849052038051214,0.12493711546662933
0.12888215482234955,0.2238970547914505,0.18747642636299133,0.18264706432819366,3.745422679911954,0.2943515331873967,1.2773208470567952,0.12390031550996385
0.12850768864154816,0.2246323525905609,0.18664386868476868,0.1917647123336792,3.9195303720571437,0.29520204227493385,1.2698501088291023,0.12228468283240662
0.12546731531620026,0.22966912388801575,0.18627415597438812,0.19411765038967133,4.030324828185211,0.29916382471239517,1.2832170466671382,0.12586870790253846
0.12566688656806946,0.22875000536441803,0.18483224511146545,0.1891176402568817,3.7602459112774618,0.29648075593805195,1.3150103530095627,0.12345850550594073
0.12382455915212631,0.22750000655651093,0.1855396181344986,0.1729411780834198,3.820084471379967,0.2958025895654518,1.3107184131915548,0.12690543713520086
0.12292800098657608,0.2285294085741043,0.1802641898393631,0.18441176414489746,3.816956577879097,0.3051197229268777,1.3533289388584837,0.12842492202882283
0.12025117129087448,0.2340073585510254,0.1792825162410736,0.18882353603839874,3.944104528337596,0.30548774388040073,1.3428871383797658,0.12858516110541224
0.12073636054992676,0.23216912150382996,0.17830710113048553,0.19205881655216217,3.707946028966132,0.306586601647314,1.3662039229823062,0.12399933787041331
0.1193445548415184,0.23161764442920685,0.17813429236412048,0.18529412150382996,3.7741591999010926,0.3057358288955668,1.3556764809646173,0.1315546179890043
0.1191077008843422,0.23323529958724976,0.18280768394470215,0.20235294103622437,3.9212438120105584,0.30051126952231405,1.3452905536334452,0.13079504776074713
0.11787303537130356,0.2409191131591797,0.18264256417751312,0.19647058844566345,4.095127276267687,0.3016360138340184,1.3253011847364058,0.13178378205732252
0.1162499487400055,0.24088235199451447,0.18009959161281586,0.20647059381008148,4.021205552212007,0.30728650341089586,1.3585355959070933,0.13197037247915505
0.11616302281618118,0.24011029303073883,0.1776830554008484,0.20147058367729187,3.8591632930964246,0.3115328590040152,1.4151652906449803,0.13632127291343912
0.1139734536409378,0.24426470696926117,0.17445486783981323,0.19411765038967133,3.9159519041603166,0.31012805001802235,1.407934453672243,0.13370747024221982
0.11582334339618683,0.23529411852359772,0.17748157680034637,0.20235294103622437,3.8576110413419595,0.30571000794582726,1.3694878437067026,0.13296009318862625
0.11296316981315613,0.24801470339298248,0.18175242841243744,0.20852941274642944,4.196571707121059,0.3073796538045439,1.3428853743473925,0.1339724501254477
0.11278857290744781,0.24209558963775635,0.17654496431350708,0.20264706015586853,4.058119453676429,0.3130205794242304,1.4045081982171086,0.13769131750044755
0.11016848683357239,0.24727940559387207,0.1748771220445633,0.2097058892250061,4.074756324615372,0.31690934066702325,1.4425548254909801,0.13939975495367277
0.10983724892139435,0.24650734663009644,0.17335887253284454,0.20735293626785278,4.0949741898407765,0.30780717922191136,1.396150234142316,0.13396652736715983
0.1105031743645668,0.24970588088035583,0.17772634327411652,0.20147058367729187,4.141599298817497,0.3097767902846854,1.3742219750918372,0.13492855742284762
0.11072316020727158,0.24797794222831726,0.17753203213214874,0.19470588862895966,4.054118234118757,0.30885636669608013,1.3655756239917738,0.1332135039509495
0.10813870280981064,0.2517279386520386,0.17347989976406097,0.20264706015586853,3.8099855146109793,0.3156872368205307,1.425411149686758,0.13675739492043298
0.10794752836227417,0.2512132227420807,0.17691545188426971,0.22323529422283173,4.101293445781299,0.31582991759662477,1.4054163401637871,0.13866710353005662
0.10797508805990219,0.251801460981369,0.17494764924049377,0.21558824181556702,4.059992971323479,0.3162674534320074,1.4233790102752308,0.14089192893556646
0.10635827481746674,0.2527941167354584,0.1748771220445633,0.20999999344348907,3.9378957466336932,0.30527253412288796,1.3882960493183423,0.13579877938439902
0.1056157574057579,0.2623897194862366,0.18210698664188385,0.20735293626785278,4.335503284814667,0.3112320776350769,1.338454414222716,0.13864080873720663
0.10387130081653595,0.26040440797805786,0.17586660385131836,0.20941177010536194,3.9092473403473122,0.31563046655428934,1.437594612215209,0.14109731239531997
0.10410550981760025,0.2598896920681,0.17177055776119232,0.20617647469043732,4.078776466029294,0.3152780355524545,1.449387921265799,0.14131836817944038
0.10437427461147308,0.2545955777168274,0.1713515669107437,0.21970587968826294,3.9458370722812246,0.3177588396436206,1.4404813456194379,0.13837759534834704
0.10274533182382584,0.2615808844566345,0.1773686707019806,0.2020588219165802,4.018787264793993,0.3080716005700285,1.3930634269742783,0.13579380435967095
0.10272090137004852,0.26036766171455383,0.17093856632709503,0.21176470816135406,3.950009447432281,0.31427156030803965,1.434257867682645,0.13724365179384226
0.10162761062383652,0.26183822751045227,0.17111197113990784,0.20764705538749695,4.207544204218826,0.3188475668685856,1.4606945525393544,0.14182928913489745
0.1002548336982727,0.26834559440612793,0.16971352696418762,0.20176470279693604,4.374699099255672,0.32243380016433476,1.460207298816787,0.13953896960363416
0.10019571334123611,0.2662867605686188,0.1729154735803604,0.2079411745071411,3.9982976784654656,0.3193001016601621,1.4578956916145418,0.14178853170682043
0.09845912456512451,0.263823539018631,0.16532856225967407,0.22058823704719543,3.851237187775608,0.3232834093131673,1.4997818823187166,0.14048534717399638
0.09920662641525269,0.2615073621273041,0.17033028602600098,0.20617647469043732,3.976226277788568,0.32178836754492995,1.4621397842292612,0.14123344316360134
0.0997696965932846,0.2618750035762787,0.17212627828121185,0.20323529839515686,4.136503212692881,0.32757555055639387,1.4476213657422865,0.14495821043365711
0.09817376732826233,0.2670220732688904,0.1688595414161682,0.2123529464006424,4.309138470310131,0.3236221132900774,1.4418893524361291,0.1448156780050292
0.09668735414743423,0.2679411768913269,0.16868038475513458,0.21088235080242157,4.309476799510581,0.32596166357617223,1.4998588359290155,0.14757468599483364
0.09564705193042755,0.2736397087574005,0.16545259952545166,0.22705882787704468,4.1429790106706195,0.33073555473078825,1.5319583781393125,0.14650309432935676
0.09610078483819962,0.27158087491989136,0.17749449610710144,0.20176470279693604,4.131363153435327,0.3160008332154169,1.3998636671933449,0.1394887212138754
0.09583520144224167,0.2708088159561157,0.17208069562911987,0.21264706552028656,3.971268701770883,0.3193772439771003,1.4483593514331408,0.1412774255725041
0.09481768310070038,0.274117648601532,0.16873887181282043,0.21441176533699036,3.869540509904914,0.3226647560044438,1.5063847050398462,0.1449510866303324
